{
  "topology": [
    6,
    3
  ],
  "activation": "relu+tanh",
  "fitness": 178.99010463060114,
  "genome": [
    4.520567701985313,
    -0.07259650761551859,
    -0.36124587924970775,
    -1.0634694449815731,
    -1.5384237201691928,
    0.008413523882764257,
    -0.32482868758894884,
    5.1826502434425965,
    -0.3503228569196583,
    0.10687886082870202,
    0.45697172547511355,
    -1.5276903565288198,
    0.22328877322772725,
    0.28051313059001637,
    3.5005701662040534,
    -1.6240258766452005,
    -1.252785913313831,
    -0.09651115099528901,
    0.8792260378013562,
    -0.05599109052412324,
    -0.9425604865825398
  ],
  "generation": 719,
  "scenario": "stage2-stop-at-target",
  "optimizer": {
    "name": "sep-CMA-ES",
    "lambda": 200,
    "mu": 100,
    "sigma": 5,
    "N": 21
  },
  "config": {
    "EPISODE_FRAMES": 3000,
    "EVALS_PER_CANDIDATE": 8
  },
  "trainedAt": "2026-04-09T06:13:20.028Z"
}
