{
  "topology": [
    6,
    3
  ],
  "activation": "relu+tanh",
  "fitness": 51.26398671234007,
  "genome": [
    -2.8772681878831756,
    -1.6295034561497088,
    -16.244007634115793,
    -6.1620532274145585,
    8.922343725414052,
    -1.5418290808592185,
    0.402829334606023,
    -6.4501201102767425,
    -2.1353751438941724,
    5.346951860985054,
    8.187106570624975,
    13.394922936007195,
    -5.038354916588602,
    2.4402242708925455,
    6.042173941511498,
    -16.576809228219304,
    -3.7683650684122654,
    -0.17154237158492835,
    -3.3270582002510407,
    0.7084030348460368,
    2.45616986392579
  ],
  "generation": 513,
  "scenario": "stage2-stop-at-target",
  "optimizer": {
    "name": "sep-CMA-ES",
    "lambda": 200,
    "mu": 100,
    "sigma": 5,
    "N": 21
  },
  "config": {
    "EPISODE_FRAMES": 3000,
    "EVALS_PER_CANDIDATE": 8
  },
  "trainedAt": "2026-04-09T05:03:57.663Z"
}