{
  "topology": [
    6,
    3
  ],
  "activation": "relu+tanh",
  "fitness": 176.85016646998125,
  "genome": [
    5.008822927525757,
    0.25772347413230956,
    -0.014604210264439949,
    -0.48453470226718875,
    -1.5343358712482167,
    0.001400793609568557,
    0.582379176230713,
    6.533123726512446,
    0.20310950202239647,
    -0.10968302160099946,
    -0.12591603752382574,
    -1.436928840696925,
    -1.12644469037968,
    -0.1518518347059423,
    2.097972507403812,
    -1.5238507659518183,
    -0.14628935499553145,
    0.003042607057829858,
    0.04756576961877876,
    -0.036541108730965485,
    -0.2640477694136953
  ],
  "generation": 687,
  "scenario": "stage2-stop-at-target",
  "optimizer": {
    "name": "sep-CMA-ES",
    "lambda": 200,
    "mu": 100,
    "sigma": 5,
    "N": 21
  },
  "config": {
    "EPISODE_FRAMES": 3000,
    "EVALS_PER_CANDIDATE": 8
  },
  "trainedAt": "2026-04-09T05:19:52.883Z"
}