{
  "topology": [
    43,
    5
  ],
  "activation": "relu+tanh",
  "fitness": 76.7977872472104,
  "genome": [
    0.0249959104855446,
    0.3468116746183159,
    0.2304046456770274,
    0.16389900870381033,
    0.778583153669862,
    1.068846089374496,
    1.94779044861442,
    0.03371572794633282,
    0.32996121949813223,
    0.12468863939751179,
    -0.13914111720004654,
    0.039979599527920295,
    0.30054940338555464,
    0.069302537930977,
    0.5962589902242543,
    -0.036173149804333476,
    0.36999286177894264,
    0.0801113325078881,
    -0.5251033161963432,
    -0.1220741127582118,
    -0.20301864699456537,
    0.14172914706403894,
    0.2506156467248306,
    0.04920516494569917,
    0.24575123583671157,
    0.2711103819291194,
    -0.01581388399739353,
    -0.5050712881128148,
    0.26491448217361846,
    -0.09932345567413105,
    -0.460010658334807,
    0.020907558686189796,
    -0.407979117045107,
    0.5650142951889942,
    0.38908190409773785,
    -0.24961745505024113,
    -0.5277184081284123,
    -0.29810616541250345,
    0.24708878682516017,
    -0.5080233121420666,
    -0.9323155614580215,
    0.16625268838088364,
    0.684859047569416,
    0.8312323110043529,
    -0.056442079403503986,
    0.3792564721715941,
    0.10815439268929253,
    2.0944274940886176,
    -0.3555901388461308,
    -0.34544870853634935,
    1.1482661028661172,
    -0.7224396584889359,
    0.20444355490439892,
    -0.17463859356248493,
    -0.46453505304663845,
    0.3995626823798163,
    0.4476337860137688,
    -0.9315486251893792,
    -0.14161072022710475,
    -0.9429883389768863,
    0.4626834671881033,
    -0.14652119705459019,
    -0.6996975083324873,
    -0.3942912422315532,
    -0.3690174152884394,
    0.3687880599064311,
    -0.43282492394097494,
    -0.05634019360880217,
    0.05118110138970197,
    0.4372549471032617,
    -0.06895103023272726,
    0.06917590821917138,
    0.3291037455285321,
    0.4969582707211477,
    0.020741410150042397,
    0.07413009903500649,
    0.171985689788465,
    0.4391231443000131,
    0.3374977427906404,
    -0.8347907533197403,
    -0.25217306088134095,
    0.4191631409645804,
    0.043315772814688264,
    0.28729341728784524,
    -0.20019546276581132,
    0.13189354950427876,
    -0.386246333698351,
    -0.11557598789699855,
    -0.16454283160641675,
    0.1942162958908874,
    -1.8730524567024234,
    -0.022032147988100936,
    0.06097651541180121,
    0.44341381301327176,
    -1.2995454357733192,
    -0.5701877356194632,
    0.260519098264793,
    0.08994595405375602,
    -0.7751224671260895,
    0.4446081504670752,
    0.4350799900150743,
    -0.09011934603676054,
    0.6505344619711886,
    -0.08881454259879769,
    0.3552763185500698,
    -0.1959415587407935,
    0.3132635659289832,
    -0.37706702227795624,
    0.6869693244568043,
    -0.7178937006562023,
    -0.37193633951158167,
    0.3145416244282793,
    0.19998041056196608,
    -0.053751551026905646,
    -0.1877801038093118,
    0.38243013828472006,
    0.5412456146743917,
    -0.08972361144145402,
    0.12343727988796219,
    0.026283609344358,
    -0.22772756107570785,
    -0.5817409313160308,
    0.048274783700195945,
    -0.43468654173534405,
    0.060753580926542726,
    -0.7210574079750633,
    -0.05909715737567965,
    0.19170418157246338,
    -1.0700677021379668,
    0.05820039945716422,
    0.16143105947345038,
    0.042436312733423354,
    -0.8361626662636416,
    0.19246991423706655,
    1.2844852259216095,
    0.09121429206867555,
    -0.295589725051103,
    0.194899005059267,
    -0.45611866789091765,
    -0.1643803033446899,
    0.4840326002115343,
    0.018938322009863107,
    -0.1769130701021852,
    0.7167432725771341,
    0.4611360814506832,
    -0.3053645468231831,
    -0.09495424464058666,
    -0.7707867379197766,
    -0.8472204078189582,
    0.14620925909281454,
    0.27670697985264275,
    0.08425337082993509,
    -0.2666622137841092,
    -0.3989534846680782,
    -0.6088886959817235,
    -0.5926699049710666,
    -0.08942504715175262,
    0.4636331101409829,
    -0.021404283282145734,
    -0.27364323000313684,
    -0.17720793816878586,
    0.023266413956357118,
    -0.27481134127988577,
    0.42781996091499924,
    -0.05494576050800348,
    -0.4507128703922061,
    -0.5990104637034692,
    0.17518695571662488,
    0.11737939759352309,
    0.12554790204902427,
    -0.7752356971227741,
    -0.6693894607869322,
    -0.05934698920382629,
    -0.33048167314334265,
    0.5168699739061037,
    -0.08880331747840663,
    -0.13394671537796887,
    0.6044702630161506,
    0.46087081487692294,
    -0.14764728848396655,
    -0.34250690831593394,
    -0.12017588083932927,
    0.18373453947581464,
    -0.17959814660418352,
    -0.12797557731301076,
    -0.8601205656306531,
    0.16680086246701734,
    -0.1403027810423326,
    0.7228277113151915,
    -0.19299996729358299,
    -0.5258054430367491,
    -0.45946305263008835,
    -0.5406027903718701,
    0.1415535959649029,
    0.8506049879257997,
    0.3625688972172642,
    0.10139139258696718,
    0.253027802393067,
    0.3728477680345046,
    -0.09853991263267134,
    -0.010136656354813482,
    0.1131245530996431,
    0.46973897377406604,
    -0.37099940339505355,
    0.14477551458133786,
    0.3963145310010056,
    0.21654493659698765,
    0.21566467106177029,
    -0.6930644801530581,
    -0.18582151766623506,
    -0.31691856225523113,
    0.3406566544691171,
    0.11869085317075981,
    -0.23594269548707156,
    -0.12725444574417227,
    0.4226393546254019,
    -0.1631726096285574,
    0.8799388986056248,
    -0.47721991893196686,
    -0.6855659210015517
  ],
  "generation": 140,
  "scenario": "brain-phase1-follow",
  "optimizer": {
    "name": "sep-CMA-ES",
    "lambda": 200,
    "mu": 100,
    "sigma": 0.5309587419299621,
    "N": 220
  },
  "config": {
    "EPISODE_FRAMES": 3000,
    "EVALS_PER_CANDIDATE": 8
  },
  "trainedAt": "2026-04-09T03:29:22.602Z"
}