{
  "topology": [
    6,
    3
  ],
  "activation": "relu+tanh",
  "fitness": 138.21545294494962,
  "genome": [
    4.478429679486347,
    -0.3844232936559287,
    -0.43573440830495264,
    -1.3736639117273888,
    -1.6749320011602336,
    0.031723469618607836,
    -0.3216914470930454,
    6.165464205926362,
    -0.5271667708908137,
    0.5693289828520472,
    0.44349834147160155,
    -1.985138242849557,
    -1.0551224809176987,
    -0.1413530733001967,
    1.9055963541879501,
    0.10254265390405949,
    -0.4232434945053136,
    0.06427320281548338,
    0.7913449884684833,
    0.310227810044167,
    -0.8861574664873774
  ],
  "generation": 702,
  "scenario": "stage4-stay-still",
  "optimizer": {
    "name": "sep-CMA-ES",
    "lambda": 200,
    "mu": 100,
    "sigma": 5,
    "N": 21
  },
  "config": {
    "EPISODE_FRAMES": 3000,
    "EVALS_PER_CANDIDATE": 8
  },
  "trainedAt": "2026-04-09T12:12:24.742Z"
}