{
  "topology": [
    6,
    3
  ],
  "activation": "relu+tanh",
  "fitness": 159.45860726980632,
  "genome": [
    5.832558509336562,
    0.9129701019188543,
    -0.9275787037456309,
    -0.13563979968440948,
    -1.7731261585613074,
    -0.08015981442546843,
    -0.15257738314843164,
    5.829205797405188,
    0.041448378582385606,
    -0.08191129116876736,
    -0.10396804279745911,
    -1.35527727967615,
    -1.0555807882295904,
    -0.132742259485552,
    10.8137493560775,
    -4.464479784457704,
    -3.8096965446511772,
    -0.21133157603141853,
    1.0573611370518976,
    -0.22169976993058305,
    -2.5832263923352015
  ],
  "generation": 843,
  "scenario": "stage2-stop",
  "stage": "stop",
  "frozen": [],
  "optimizer": {
    "name": "sep-CMA-ES",
    "lambda": 200,
    "mu": 100,
    "sigma": 5,
    "N": 21
  },
  "config": {
    "EPISODE_FRAMES": 3000,
    "EVALS_PER_CANDIDATE": 8
  },
  "trainedAt": "2026-04-12T05:49:01.338Z"
}
