{
  "topology": [
    6,
    3
  ],
  "activation": "relu+tanh",
  "fitness": 131.4627058100717,
  "genome": [
    1.225902675883186,
    -0.018788156533825633,
    -0.47729115508325876,
    0.09877281247866064,
    -0.21567163090850178,
    -0.10019230607030978,
    0.2442705323935724,
    1.1670358888400207,
    -0.0716392621866641,
    0.17115436542109516,
    0.14006653419716358,
    -0.3101555492182074,
    -0.569460632970593,
    -0.34462146951143846,
    3.534607476926679,
    -2.7805609570131393,
    -0.9980938687526143,
    -0.4696731027422489,
    0.3385291190942578,
    -0.34409857421041645,
    -0.1131425732283518
  ],
  "generation": 305,
  "scenario": "simple-movement",
  "optimizer": {
    "name": "sep-CMA-ES",
    "lambda": 200,
    "mu": 100,
    "sigma": 5,
    "N": 21
  },
  "config": {
    "EPISODE_FRAMES": 3000,
    "EVALS_PER_CANDIDATE": 8
  },
  "trainedAt": "2026-04-09T04:28:11.827Z"
}
