{
  "topology": [
    6,
    3
  ],
  "activation": "relu+tanh",
  "fitness": 136.0678296647963,
  "genome": [
    7.49831776337086,
    2.2792964506490154,
    -0.42270744605136934,
    0.31627698063474474,
    -1.6530997884405494,
    -2.2280400935025937,
    -1.3366457654978285,
    6.192649400794962,
    -0.3649276984893886,
    -1.3663905942540424,
    0.39684252615845583,
    -1.185266813365759,
    0.3542834529066752,
    1.4202287398657838,
    6.38982526674278,
    -3.2983725575371667,
    -1.261282838723534,
    0.041655636886753576,
    0.19931161956537682,
    0.3504746436206325,
    -0.6213834356939771
  ],
  "generation": 567,
  "scenario": "stage4-stay-still",
  "optimizer": {
    "name": "sep-CMA-ES",
    "lambda": 200,
    "mu": 100,
    "sigma": 5,
    "N": 21
  },
  "config": {
    "EPISODE_FRAMES": 3000,
    "EVALS_PER_CANDIDATE": 8
  },
  "trainedAt": "2026-04-11T01:16:37.888Z"
}