{
  "topology": [
    6,
    16,
    16,
    3
  ],
  "activation": "relu+tanh",
  "fitness": 1187.4874675322305,
  "genome": [
    -0.34094505795154884,
    -2.97956266602743,
    -2.075067619716323,
    -7.134977048413158,
    2.2203445298937643,
    -8.965658099237766,
    -3.648901382922605,
    4.092631457342398,
    -1.6323918470932122,
    0.39912723854329796,
    0.060376170498130564,
    -4.184266118168453,
    -0.1615667150501029,
    -1.1505262629706063,
    2.5452144415418667,
    2.8877314298696555,
    -1.0142449125048245,
    -5.312306526305658,
    -2.420218424056362,
    -4.438756607624786,
    0.2389685341957788,
    2.223379554094186,
    3.9777736811618074,
    1.42263900146584,
    6.895236866766589,
    3.4831539212878058,
    -0.6398114504984934,
    0.5395512766210282,
    -1.8249438688664046,
    -2.7791969095012954,
    3.071941183099429,
    0.39048029167860204,
    -6.096276237734785,
    8.038254267856598,
    0.02250408138074803,
    2.0430053339630225,
    -2.559934647137848,
    -4.416739235139855,
    -0.6426869824251387,
    -0.0640665629970301,
    1.3516295764245696,
    -1.9851070531797175,
    1.5443801072311722,
    -7.727478993802019,
    5.534033479949961,
    -5.410234914555133,
    -1.0356254487678123,
    1.3671135173432047,
    -3.455817009159225,
    -3.8778046914101028,
    1.3101710866308554,
    3.687507637574352,
    1.2410816168398449,
    -0.2041330891929377,
    -2.5449890901395045,
    -1.0023513895152765,
    -0.509388247743852,
    -1.3625655186949481,
    1.8365872558290646,
    -0.2756205972284417,
    -1.7128457895293803,
    5.32956469241635,
    -5.095723932742879,
    0.8733497836387271,
    -4.0984161210273,
    1.6124093397347807,
    -2.1593262673019358,
    -1.7792278952755811,
    -2.6643918241839364,
    4.18717745246876,
    -0.1563446882009582,
    -1.7664213817122119,
    6.788468902476077,
    0.5226894912953831,
    -2.2003306326568315,
    2.9399133344419024,
    -0.060619689557539325,
    -1.4264594855574209,
    0.5564238882209728,
    3.7348188985429176,
    -1.746390729569222,
    0.21396500153389905,
    -0.3361747887176604,
    3.3876762242241396,
    -1.4385312340814511,
    -2.937612148882492,
    -0.9941599204946937,
    1.7546267571720597,
    -0.770696706317662,
    0.9537353667005892,
    -9.061282070317905,
    -1.2145486642396381,
    -1.519085648406803,
    -3.7002406965970103,
    -5.020921493377272,
    -4.468453334080701,
    3.6719605345680555,
    5.906841320584914,
    -5.255850940744449,
    -4.716653903858995,
    -6.519962589149541,
    1.5987234887211772,
    1.1306283319839578,
    0.40045315705182444,
    -2.9043264010322463,
    -6.7354746539598676,
    2.115549660670513,
    0.03263648099380572,
    -3.150372595743358,
    5.476905526703158,
    0.1103125837253677,
    -0.22943475455829734,
    -6.3289718125684145,
    1.4423840504521446,
    3.2643566036493823,
    3.702952267306855,
    -4.085497059789627,
    -1.6443430198035518,
    5.203310116141493,
    1.2253767238061848,
    -1.498333573014855,
    4.389820565250666,
    -5.203526039900483,
    -0.0720263456523363,
    0.940317050442323,
    -7.238409644596923,
    3.3240671217741817,
    -1.3903692403253713,
    2.5160464349419818,
    3.65334210841239,
    -4.412479270511276,
    -2.9714744828145365,
    2.887264266960733,
    1.539515323212185,
    1.2716040386365446,
    2.0938967462545524,
    1.7554651070018763,
    -1.1440546369391744,
    -0.5103069425068513,
    8.839337235444274,
    -8.719254671461357,
    2.591164355797679,
    3.3888938196970715,
    -3.3260209069689473,
    0.9292467175053655,
    -1.1814432471395393,
    -5.700819246376007,
    -1.1695612373821511,
    0.7134309890779093,
    -4.24212165640139,
    -3.49258071478844,
    1.3960268348548257,
    -0.6903069400359939,
    -1.9003489866857954,
    1.9171700399306206,
    4.001436697880252,
    2.3805577202855566,
    4.234941283825901,
    -3.9551399499612194,
    -1.606618429225743,
    4.484052088255929,
    1.5558440320632583,
    -0.8750739152881604,
    4.090881057160045,
    3.3541921417863145,
    -0.7717558460941488,
    0.6514286053673495,
    5.120716618367126,
    1.125286355815462,
    -0.8880666214194596,
    -1.989068462821217,
    0.28323273731354043,
    -2.5922561336656296,
    -3.121644855829103,
    -5.2912895283517205,
    2.8225935578497707,
    -5.3108528026343835,
    -2.1644858453056344,
    -5.763843626575881,
    0.6988981624588007,
    -0.5230127511299869,
    -2.575050603087821,
    -0.032149241088063,
    8.268000554529028,
    3.7473886763453885,
    -3.8259238453122157,
    0.6639204745863921,
    0.4043781603185716,
    0.5038024238969603,
    5.815287550342927,
    -2.0070117799766543,
    3.6961199456291602,
    0.3377732169626701,
    2.387659087879655,
    -1.6590544462228052,
    3.482794001745803,
    -3.9905861201261836,
    11.242944690042512,
    -1.1493407435183511,
    -3.9017529770539543,
    -1.4211538761174658,
    0.42610759035308626,
    2.9570506893632293,
    2.392818526356243,
    1.6714407219883134,
    0.04501488943975325,
    -0.3566971618635166,
    2.7089504908799706,
    -5.247874923206162,
    -0.7581640652931919,
    -6.352540997015642,
    0.34005107784702626,
    -0.3035818706646537,
    0.620031067243928,
    0.2423990114337958,
    0.13631110107885888,
    -4.799110817435295,
    1.4453544732985655,
    0.07962055680655225,
    0.19453820846326303,
    1.2101218576464279,
    0.027360264243406644,
    -1.722797467315324,
    1.581694622303626,
    -2.082504395480518,
    -2.1011976992629893,
    -0.11571116165514302,
    3.5790145070964665,
    -3.089126637188562,
    -6.766644441149689,
    3.821892170954667,
    -2.970402193422944,
    -1.8875000703761196,
    -3.6875407078074303,
    1.5889776760302017,
    3.209100660518076,
    1.0682153401230858,
    4.087460013476718,
    2.4534691414511487,
    1.0566513402398665,
    -0.45617043847529914,
    1.1194233728912746,
    2.218138764047491,
    1.1368609329664334,
    -0.7162824788649307,
    -0.5086235214365409,
    -1.3136797997288383,
    0.2934549999788254,
    -2.4243374193114557,
    -3.366693908620746,
    3.2648884212875937,
    2.9815599099466557,
    -4.03106189478412,
    1.7148906364722483,
    4.9648037675775925,
    -2.4169662396853018,
    2.1490005819774343,
    0.13467187118220977,
    -2.581906427287635,
    -0.5374886433153295,
    4.188201434011031,
    7.2397250431184474,
    -6.091063493277509,
    -0.6091640067462235,
    -5.744066158437741,
    -3.5665249910607684,
    4.943261136884431,
    -0.8914716452451166,
    4.687272741179929,
    -2.758812548209289,
    -3.3340482770273265,
    1.0167559712699754,
    0.46856494321130776,
    1.8611405474891627,
    0.0899680950292537,
    -2.8655912411403617,
    -6.65075253373217,
    3.131307590332959,
    -1.4074465634217934,
    3.0681769157767045,
    -3.1472568988423006,
    0.20884179207490824,
    -2.4494917929739644,
    3.511896974613441,
    0.7353755798339737,
    -0.26596529742701164,
    -6.521020956759916,
    0.31509757684128126,
    0.2191059670658766,
    4.951692261918954,
    3.1703271218093274,
    5.530731735438035,
    -1.127233834523824,
    3.057675774388408,
    -2.233757975223903,
    -2.3034769213609265,
    0.2666254358272078,
    -2.478973558084319,
    -2.5355793016810755,
    -2.7982234247235276,
    -0.18443886725693978,
    -2.837557929482146,
    0.8137975879476121,
    2.0676059071969224,
    2.426825363965094,
    2.6887168557895538,
    -2.524622526833742,
    -0.3494947634743414,
    -1.8503648623899913,
    -9.738558037688962,
    0.22578409173639524,
    -2.3958253653730153,
    3.9370053278832216,
    -10.009768330379968,
    -1.666948717370553,
    -2.053755796053577,
    -2.1224296314641444,
    3.542551476537958,
    -2.489042418119954,
    0.7875422484988268,
    3.350316766503112,
    -0.8459020009546657,
    10.776835069159826,
    7.1484741482051355,
    -4.466911242197049,
